<?xml version="1.0" encoding="UTF-8"?>

<mesquite>
  <simplicitySettings>
    <version>1</version>
    <name>MacClade-like</name>
    <hiddenPackages>
      <package>
        <name>mesquite.assoc</name>
      </package>
      <package>
        <name>mesquite.batchArch</name>
      </package>
      <package>
        <name>mesquite.categ</name>
      </package>
      <package>
        <name>mesquite.chromaseq</name>
      </package>
      <package>
        <name>mesquite.coalesce</name>
      </package>
      <package>
        <name>mesquite.consensus</name>
      </package>
      <package>
        <name>mesquite.cont</name>
      </package>
      <package>
        <name>mesquite.correl</name>
      </package>
      <package>
        <name>mesquite.distance</name>
      </package>
      <package>
        <name>mesquite.diverse</name>
      </package>
      <package>
        <name>mesquite.dmanager</name>
      </package>
      <package>
        <name>mesquite.genesis</name>
      </package>
      <package>
        <name>mesquite.io</name>
      </package>
      <package>
        <name>mesquite.mb</name>
      </package>
      <package>
        <name>mesquite.meristic</name>
      </package>
      <package>
        <name>mesquite.ornamental</name>
      </package>
      <package>
        <name>mesquite.pairwise</name>
      </package>
      <package>
        <name>mesquite.rhetenor</name>
      </package>
      <package>
        <name>mesquite.stochchar</name>
      </package>
      <package>
        <name>mesquite.tol</name>
      </package>
      <package>
        <name>mesquite.treefarm</name>
      </package>
      <package>
        <name>mesquite.align.AlignScoreForTaxon</name>
      </package>
      <package>
        <name>mesquite.align.AlignScoreForTaxonRC</name>
      </package>
      <package>
        <name>mesquite.align.ColorForAlignment</name>
      </package>
      <package>
        <name>mesquite.align.ColorMisaligned</name>
      </package>
      <package>
        <name>mesquite.align.SidePusher</name>
      </package>
      <package>
        <name>mesquite.molec.AAHydrophobicity</name>
      </package>
      <package>
        <name>mesquite.molec.AASize</name>
      </package>
      <package>
        <name>mesquite.molec.AminoAcidProperties</name>
      </package>
      <package>
        <name>mesquite.molec.BLASTSearch</name>
      </package>
      <package>
        <name>mesquite.molec.CharacterGCBias</name>
      </package>
      <package>
        <name>mesquite.molec.ColorByNumber</name>
      </package>
      <package>
        <name>mesquite.molec.CompareBasesWithTaxon</name>
      </package>
      <package>
        <name>mesquite.molec.ConvertToRY</name>
      </package>
      <package>
        <name>mesquite.molec.FetchGenBank</name>
      </package>
      <package>
        <name>mesquite.molec.FillCharSelection</name>
      </package>
      <package>
        <name>mesquite.molec.GCAsNumber</name>
      </package>
      <package>
        <name>mesquite.molec.LowercaseEnds</name>
      </package>
      <package>
        <name>mesquite.molec.MaintainClipMatch</name>
      </package>
      <package>
        <name>mesquite.molec.MeanValueLinked</name>
      </package>
      <package>
        <name>mesquite.molec.NumberPolyInTaxon</name>
      </package>
      <package>
        <name>mesquite.molec.NumLowerCase</name>
      </package>
      <package>
        <name>mesquite.molec.PercentLowerCase</name>
      </package>
      <package>
        <name>mesquite.molec.PropInternalGaps</name>
      </package>
      <package>
        <name>mesquite.molec.PropTerminalGaps</name>
      </package>
      <package>
        <name>mesquite.molec.PropUnambigSites</name>
      </package>
      <package>
        <name>mesquite.molec.SequenceInfoEditor</name>
      </package>
      <package>
        <name>mesquite.molec.SiteProperty</name>
      </package>
      <package>
        <name>mesquite.molec.TargetSeqMatch</name>
      </package>
      <package>
        <name>mesquite.molec.TaxaListHasData</name>
      </package>
      <package>
        <name>mesquite.molec.TaxonGCBias</name>
      </package>
      <package>
        <name>mesquite.molec.TopBlastMatches</name>
      </package>
    </hiddenPackages>
    <hiddenMenuItems/>
    <hiddenTools/>
  </simplicitySettings>
</mesquite>
