<?xml version="1.0" encoding="UTF-8"?>

<mesquite>
  <simplicitySettings>
    <version>1</version>
    <name>Basic Population Genetics</name>
    <hiddenPackages>
      <package>
        <name>mesquite.batchArch</name>
      </package>
      <package>
        <name>mesquite.cont</name>
      </package>
      <package>
        <name>mesquite.correl</name>
      </package>
      <package>
        <name>mesquite.distance</name>
      </package>
      <package>
        <name>mesquite.diverse</name>
      </package>
      <package>
        <name>mesquite.dmanager</name>
      </package>
      <package>
        <name>mesquite.genesis</name>
      </package>
      <package>
        <name>mesquite.leaves</name>
      </package>
      <package>
        <name>mesquite.meristic</name>
      </package>
      <package>
        <name>mesquite.pairwise</name>
      </package>
      <package>
        <name>mesquite.rhetenor</name>
      </package>
      <package>
        <name>mesquite.tol</name>
      </package>
      <package>
        <name>mesquite.align.AlignScoreForTaxon</name>
      </package>
      <package>
        <name>mesquite.align.AlignScoreForTaxonRC</name>
      </package>
      <package>
        <name>mesquite.align.ColorForAlignment</name>
      </package>
      <package>
        <name>mesquite.align.ColorMisaligned</name>
      </package>
      <package>
        <name>mesquite.align.SidePusher</name>
      </package>
      <package>
        <name>mesquite.molec.AAHydrophobicity</name>
      </package>
      <package>
        <name>mesquite.molec.AASize</name>
      </package>
      <package>
        <name>mesquite.molec.AminoAcidProperties</name>
      </package>
      <package>
        <name>mesquite.molec.BLASTSearch</name>
      </package>
      <package>
        <name>mesquite.molec.CharacterGCBias</name>
      </package>
      <package>
        <name>mesquite.molec.ColorByNumber</name>
      </package>
      <package>
        <name>mesquite.molec.CompareBasesWithTaxon</name>
      </package>
      <package>
        <name>mesquite.molec.ConvertToRY</name>
      </package>
      <package>
        <name>mesquite.molec.FetchGenBank</name>
      </package>
      <package>
        <name>mesquite.molec.FillCharSelection</name>
      </package>
      <package>
        <name>mesquite.molec.GCAsNumber</name>
      </package>
      <package>
        <name>mesquite.molec.LowercaseEnds</name>
      </package>
      <package>
        <name>mesquite.molec.MaintainClipMatch</name>
      </package>
      <package>
        <name>mesquite.molec.MeanValueLinked</name>
      </package>
      <package>
        <name>mesquite.molec.NumberPolyInTaxon</name>
      </package>
      <package>
        <name>mesquite.molec.NumLowerCase</name>
      </package>
      <package>
        <name>mesquite.molec.PercentLowerCase</name>
      </package>
      <package>
        <name>mesquite.molec.PropInternalGaps</name>
      </package>
      <package>
        <name>mesquite.molec.PropTerminalGaps</name>
      </package>
      <package>
        <name>mesquite.molec.PropUnambigSites</name>
      </package>
      <package>
        <name>mesquite.molec.SequenceInfoEditor</name>
      </package>
      <package>
        <name>mesquite.molec.SiteProperty</name>
      </package>
      <package>
        <name>mesquite.molec.TargetSeqMatch</name>
      </package>
      <package>
        <name>mesquite.molec.TaxaListHasData</name>
      </package>
      <package>
        <name>mesquite.molec.TaxonGCBias</name>
      </package>
      <package>
        <name>mesquite.molec.TopBlastMatches</name>
      </package>
      <package>
        <name>mesquite.ancstates</name>
      </package>
      <package>
        <name>mesquite.align</name>
      </package>
      <package>
        <name>mesquite.charMatrices.AnnotPanel</name>
      </package>
      <package>
        <name>mesquite.charMatrices.SelectCharsWithProbP</name>
      </package>
      <package>
        <name>mesquite.charMatrices.SelectRndCharacters</name>
      </package>
      <package>
        <name>mesquite.io.ExportCharStateInfo</name>
      </package>
      <package>
        <name>mesquite.lists.CharListAnnotPanel</name>
      </package>
      <package>
        <name>mesquite.mb</name>
      </package>
      <package>
        <name>mesquite.ornamental.Constellation</name>
      </package>
      <package>
        <name>mesquite.ornamental.ManageHyperlinks</name>
      </package>
      <package>
        <name>mesquite.ornamental.PictureWindowMaker</name>
      </package>
      <package>
        <name>mesquite.ornamental.Projector</name>
      </package>
      <package>
        <name>mesquite.stochchar.AsymmetryLR</name>
      </package>
      <package>
        <name>mesquite.stochchar.AsymmMkExplorer</name>
      </package>
      <package>
        <name>mesquite.stochchar.AsymmModelCurator</name>
      </package>
      <package>
        <name>mesquite.stochchar.Brownian</name>
      </package>
      <package>
        <name>mesquite.stochchar.CharLikelihood</name>
      </package>
      <package>
        <name>mesquite.stochchar.GainLossRates</name>
      </package>
      <package>
        <name>mesquite.stochchar.InterpretPagelFormat</name>
      </package>
      <package>
        <name>mesquite.stochchar.InterpretPagelFormatM</name>
      </package>
      <package>
        <name>mesquite.stochchar.LikelihoodInCharacter</name>
      </package>
      <package>
        <name>mesquite.stochchar.MargProbAncStates</name>
      </package>
      <package>
        <name>mesquite.stochchar.StochCharMapper</name>
      </package>
      <package>
        <name>mesquite.stochchar.zMargLikeCateg</name>
      </package>
      <package>
        <name>mesquite.treefarm.AugmentTreeRandomly</name>
      </package>
      <package>
        <name>mesquite.treefarm.AvgTaxonValueAmgTrees</name>
      </package>
      <package>
        <name>mesquite.treefarm.CollessImbalance</name>
      </package>
      <package>
        <name>mesquite.treefarm.EmailTree</name>
      </package>
      <package>
        <name>mesquite.treefarm.MRPMatrices</name>
      </package>
      <package>
        <name>mesquite.treefarm.RandomBranchMoves</name>
      </package>
      <package>
        <name>mesquite.treefarm.RandomlyModifiedTrees</name>
      </package>
      <package>
        <name>mesquite.treefarm.RandomModifTree</name>
      </package>
      <package>
        <name>mesquite.treefarm.RandomResolve</name>
      </package>
      <package>
        <name>mesquite.treefarm.RarefyTree</name>
      </package>
      <package>
        <name>mesquite.treefarm.RearrangedTree</name>
      </package>
      <package>
        <name>mesquite.charMatrices.RandomModRespMatrices</name>
      </package>
      <package>
        <name>mesquite.charMatrices.RandomModifMatrix</name>
      </package>
      <package>
        <name>mesquite.charMatrices.RandomFillWithMissing</name>
      </package>
      <package>
        <name>mesquite.charMatrices.ShuffleStates</name>
      </package>
      <package>
        <name>mesquite.charMatrices.ReshuffleWTaxaByPart</name>
      </package>
      <package>
        <name>mesquite.charMatrices.ReshuffleWithinTaxa</name>
      </package>
      <package>
        <name>mesquite.charMatrices.ReshuffleMatrixByPart</name>
      </package>
      <package>
        <name>mesquite.charMatrices.ReshuffleMatrix</name>
      </package>
      <package>
        <name>mesquite.charMatrices.ReshuffleCharacter</name>
      </package>
      <package>
        <name>mesquite.charMatrices.RarefyMatrix</name>
      </package>
      <package>
        <name>mesquite.charMatrices.SelectDiffering</name>
      </package>
      <package>
        <name>mesquite.charMatrices.SelectMatchingTaxa</name>
      </package>
      <package>
        <name>mesquite.charMatrices.SelectSame</name>
      </package>
      <package>
        <name>mesquite.charMatrices.SprinkleMissing</name>
      </package>
      <package>
        <name>mesquite.charMatrices.BootstrapResample</name>
      </package>
      <package>
        <name>mesquite.charMatrices.RandomFillCateg</name>
      </package>
      <package>
        <name>mesquite.charMatrices.SortsManagerChar</name>
      </package>
      <package>
        <name>mesquite.charMatrices.SortsInCharList</name>
      </package>
      <package>
        <name>mesquite.treefarm.EqualRatesSpSampled</name>
      </package>
      <package>
        <name>mesquite.treefarm.ProbRndTreeModifier</name>
      </package>
      <package>
        <name>mesquite.treefarm.NoiseToBranchLengths</name>
      </package>
      <package>
        <name>mesquite.treefarm.TerminalInstability</name>
      </package>
      <package>
        <name>mesquite.trees.EquiprobableTrees</name>
      </package>
      <package>
        <name>mesquite.trees.EqualRatesMarkovSp</name>
      </package>
      <package>
        <name>mesquite.categ.StateNamesEditor</name>
      </package>
    </hiddenPackages>
    <hiddenMenuItems>
      <menuItem>
        <label>Add AUTHORS Block to File</label>
        <command>addAuthorsBlock</command>
        <commandableClass>mesquite.basic.ManageAuthors.ManageAuthors</commandableClass>
      </menuItem>
      <menuItem>
        <label>New Generic NEXUS block...</label>
        <command>newBlock</command>
        <commandableClass>mesquite.minimal.ManageForeignBlocks.ManageForeignBlocks</commandableClass>
      </menuItem>
      <menuItem>
        <label>Edit Mesquite script</label>
        <command>showScript</command>
        <commandableClass>mesquite.minimal.ManageMesquiteBlock.ManageMesquiteBlock</commandableClass>
      </menuItem>
      <menuItem>
        <label>Add Note On Tree</label>
        <arguments>Add_Note_On_Tree</arguments>
        <command>newAssistant</command>
        <commandableClass>mesquite.trees.BasicTreeWindowMaker.BasicTreeWindow</commandableClass>
        <dutyClass>mesquite.lib.duties.TreeDisplayAssistantD</dutyClass>
      </menuItem>
      <menuItem>
        <label>Assign Color to Selected</label>
        <arguments>Assign_Color_to_Selected</arguments>
        <command>assignColor</command>
        <commandableClass>mesquite.charMatrices.BasicDataWindowMaker.BasicDataWindow</commandableClass>
      </menuItem>
      <menuItem>
        <label>Remove Color from Selected</label>
        <command>removeColor</command>
        <commandableClass>mesquite.charMatrices.BasicDataWindowMaker.BasicDataWindow</commandableClass>
      </menuItem>
      <menuItem>
        <label>Add Info Strip</label>
        <arguments>Add_Info_Strip</arguments>
        <command>hireDataInfoStrip</command>
        <commandableClass>mesquite.charMatrices.BasicDataWindowMaker.BasicDataWindow</commandableClass>
      </menuItem>
      <menuItem>
        <label>Show State Names Strip</label>
        <command>showStrip</command>
        <commandableClass>mesquite.categ.StateNamesStrip.StateNamesStrip</commandableClass>
      </menuItem>
      <menuItem>
        <label>Emphasize Less Degenerate Amino Acids</label>
        <command>emphasizeDegeneracy</command>
        <commandableClass>mesquite.molec.ColorByAA.ColorByAA</commandableClass>
      </menuItem>
      <menuItem>
        <label>Show Character Reference Strip</label>
        <command>showStrip</command>
        <commandableClass>mesquite.charMatrices.CharReferenceStrip.CharReferenceStrip</commandableClass>
      </menuItem>
      <menuItem>
        <label>Color Text</label>
        <arguments>Color_Text</arguments>
        <command>colorText</command>
        <commandableClass>mesquite.charMatrices.BasicDataWindowMaker.BasicDataWindow</commandableClass>
      </menuItem>
    </hiddenMenuItems>
    <hiddenTools>
      <tool>
        <name>mesquite.charMatrices.MatrixInfoTool.MatrixInfoTool.matrixInfo</name>
        <description>Data information</description>
      </tool>
      <tool>
        <name>mesquite.charMatrices.AddDeleteData.AddDeleteData.addTaxa</name>
        <description>Add Taxa</description>
      </tool>
      <tool>
        <name>mesquite.charMatrices.AddDeleteData.AddDeleteData.addChars</name>
        <description>Add Characters</description>
      </tool>
      <tool>
        <name>mesquite.ornamental.BranchNotes.BranchNotesToolExtra.BranchNotes</name>
        <description>Annotate Branch</description>
      </tool>
      <tool>
        <name>mesquite.ornamental.TaxonLink.TaxonLinkToolExtra.taxonLink</name>
        <description>Go to link</description>
      </tool>
      <tool>
        <name>mesquite.treefarm.MakeRerootings.AllRerootToolExtra.allRerootings</name>
        <description>Make All Rerootings of Clade</description>
      </tool>
    </hiddenTools>
  </simplicitySettings>
</mesquite>
