<?xml version="1.0" encoding="UTF-8"?>

<mesquite>
  <simplicitySettings>
    <version>1</version>
    <name>Basic Morphological Phylogenetics</name>
    <hiddenPackages>
      <package>
        <name>mesquite.align</name>
      </package>
      <package>
        <name>mesquite.genesis</name>
      </package>
      <package>
        <name>mesquite.assoc</name>
      </package>
      <package>
        <name>mesquite.batchArch</name>
      </package>
      <package>
        <name>mesquite.coalesce</name>
      </package>
      <package>
        <name>mesquite.correl</name>
      </package>
      <package>
        <name>mesquite.distance</name>
      </package>
      <package>
        <name>mesquite.diverse</name>
      </package>
      <package>
        <name>mesquite.molec</name>
      </package>
      <package>
        <name>mesquite.pairwise</name>
      </package>
      <package>
        <name>mesquite.rhetenor</name>
      </package>
      <package>
        <name>mesquite.dmanager</name>
      </package>
      <package>
        <name>mesquite.mb</name>
      </package>
      <package>
        <name>mesquite.meristic</name>
      </package>
      <package>
        <name>mesquite.tol</name>
      </package>
      <package>
        <name>mesquite.ornamental</name>
      </package>
      <package>
        <name>mesquite.stochchar</name>
      </package>
    </hiddenPackages>
    <hiddenMenuItems>
      <menuItem>
        <label>Plot Tree</label>
        <arguments>Plot_Tree</arguments>
        <command>setTreeDrawer</command>
        <commandableClass>mesquite.trees.BasicTreeDrawCoordinator.BasicTreeDrawCoordinator</commandableClass>
        <dutyClass>mesquite.lib.duties.DrawTree</dutyClass>
      </menuItem>
    </hiddenMenuItems>
    <hiddenTools>
      <tool>
        <name>mesquite.treefarm.MakeRerootings.AllRerootToolExtra.allRerootings</name>
        <description>Make All Rerootings of Clade</description>
      </tool>
    </hiddenTools>
  </simplicitySettings>
</mesquite>
