<?xml version="1.0"?>
<mesquite>


		<classpath>../../../git/Chromaseq/Mesquite_Folder</classpath>
		<classpath>../../Mesquite-Zephyr/Mesquite_Folder</classpath>
		<classpath>../../GatAga/Mesquite_Folder</classpath>

	<disabled>
		<classpath>../../../Mesquite-Zephyr/Mesquite_Folder</classpath>
		<classpath>../../Chromaseq/Mesquite_Folder</classpath>
		<classpath>../../GatAga/Mesquite_Folder</classpath>
	<classpath>../../Mesquite Experimental/Mesquite_Folder</classpath>

	<classpath>../../augist/AUGIST/Mesquite_Folder</classpath>


		<classpath>../../NeXML Java API/mesquite-nexml</classpath>
		<classpath>../../PDAP/Mesquite_Folder</classpath>
		<classpath>../../Mesquite.R/Mesquite_Folder</classpath>
		<classpath>../../Opal_Mesquite/Mesquite_Folder</classpath>
		<classpath>../../Chromaseq/Mesquite_Folder</classpath>
		<classpath>../../../git/Cartographer/Mesquite_Folder</classpath>
		<classpath>../../../Mesquite-Zephyr/Mesquite_Folder</classpath>
		<classpath>../../PDAP/Mesquite_Folder</classpath>
		<classpath>../../Mesquite.R/Mesquite_Folder</classpath>


		<classpath>../../Vancouver/Mesquite_Folder</classpath>
		<classpath>../../Mesquite Experimental/Mesquite_Folder</classpath>
		<classpath>../../Collab/Mesquite_Folder</classpath>
		<classpath>../../Mesquite Experimental/Mesquite_Folder</classpath>
		<classpath>../../NINJA_Mesquite/Mesquite_Folder</classpath>
		<classpath>../../RMesquiteFromRForge/inst/java/Mesquite.R-0.1.0.jar</classpath>
		<classpath>../../Leaves/Mesquite_Folder</classpath>
		<classpath>../../pPODMesquiteModules/Mesquite_Folder</classpath>
		<classpath>../../pPOD-TRUNK/target/classes</classpath>
		<classpath>../../TreeSetVis/Mesquite_Folder</classpath>
		<classpath>../../Strat/Mesquite_Folder</classpath>
		<classpath>../../Tuatara/Mesquite_Folder</classpath>
		<classpath>../../SILK/Mesquite_Folder</classpath>
	</disabled>
	
	<disabledPPOD>
	<classpath>../../pPOD/Mesquite_Folder/jars/jta.jar</classpath>
	<classpath>../../pPOD/Mesquite_Folder/jars/hibernate3.jar</classpath>
	<classpath>../../pPOD/Mesquite_Folder/jars/hibernate-tools.jar</classpath>
	<classpath>../../pPOD/Mesquite_Folder/jars/antlr-2.7.6.jar</classpath>
	<classpath>../../pPOD/Mesquite_Folder/jars/asm.jar</classpath>
	<classpath>../../pPOD/Mesquite_Folder/jars/cglib-2.1.3.jar</classpath>
	<classpath>../../pPOD/Mesquite_Folder/jars/asm-attrs.jar</classpath>
	<classpath>../../pPOD/Mesquite_Folder/jars/dom4j-1.6.1.jar</classpath>
	<classpath>../../pPOD/Mesquite_Folder/jars/commons-logging-1.0.4.jar</classpath>
	<classpath>../../pPOD/Mesquite_Folder/jars/commons-collections-2.1.1.jar</classpath>
	<classpath>../../pPOD/Mesquite_Folder/jars/c3p0-0.9.0.jar</classpath>
	<classpath>../../pPOD/Mesquite_Folder/jars/mysql-connector-java-3.1.6-bin.jar</classpath>
	<classpath>../../pPOD/Mesquite_Folder/jars/mysql-connector-java-3.0.16-ga-bin.jar</classpath>
	<classpath>../../pPOD/Mesquite_Folder/jars/log4j-1.2.13.jar</classpath>
	<classpath>../../pPOD/Mesquite_Folder/jars/</classpath>
	<classpath>../../pPOD/Mesquite_Folder/</classpath>
	</disabledPPOD>
	
	<disabledCIPRES>
		<classpath>/Users/wmaddisn/CIPRES-and-deps/CIPRES-library/build/lib/cipres/cipres-classpath.jar</classpath>
		<classpath>/Users/wmaddisn/CIPRES-and-deps/CIPRES-library/build/lib/cipres/cipres-1.0.1.jar</classpath>
		<classpath>/Users/wmaddisn/CIPRES-and-deps/CIPRES-library/build/lib/cipres/cipres-idl-1.0.1.jar</classpath>
		<classpath>/Users/wmaddisn/CIPRES-and-deps/CIPRES-library/build/lib/cipres/jacorb-2.2.2.jar</classpath>
		<classpath>../../CIPRES/Mesquite_Folder</classpath>
	</disabledCIPRES>
	
	
	</mesquite>

